CO_REGSAUD,CO_STATUS,DS_NOME,DS_NOMEPAD,DS_ABREV,NU_ORDEM
0,IGNOR,Ignorado ou Exterior,Ignorado ou Exterior,Ignorado ou Exterior,8
11001,ATIVO,Vale do Jamari,VALE DO JAMARI,Vale do Jamari,1
11002,ATIVO,Caf칥,CAFE,Caf칥,1
11003,ATIVO,Central,CENTRAL,Central,1
11004,ATIVO,Madeira-Mamor칥,MADEIRA-MAMORE,Madeira-Mamor칥,1
11005,ATIVO,Zona da Mata,ZONA DA MATA,Zona da Mata,1
11006,ATIVO,Cone Sul,CONE SUL,Cone Sul,1
11007,ATIVO,Vale do Guapor칥,VALE DO GUAPORE,Vale do Guapor칥,1
12001,ATIVO,Alto Acre,ALTO ACRE,Alto Acre,1
12002,ATIVO,Baixo Acre e Purus,BAIXO ACRE E PURUS,Baixo Acre e Purus,1
12003,ATIVO,Juru e Tarauac/Envira,JURUA E TARAUACA/ENVIRA,Juru e Tarauac/Envira,1
13001,ATIVO,"Manaus, Entorno e Alto Rio Negro","MANAUS, ENTORNO E ALTO RIO NEGRO","Manaus, Entorno e Alto Rio Negro",1
13002,ATIVO,Rio Negro e Solim쳔s,RIO NEGRO E SOLIMOES,Rio Negro e Solim쳔s,1
13003,ATIVO,Rio Madeira,RIO MADEIRA,Rio Madeira,1
13004,ATIVO,M칥dio Amazonas,MEDIO AMAZONAS,M칥dio Amazonas,1
13005,ATIVO,Baixo Amazonas,BAIXO AMAZONAS,Baixo Amazonas,1
13006,ATIVO,Regional Purus,REGIONAL PURUS,Regional Purus,1
13007,ATIVO,Regional Juru,REGIONAL JURUA,Regional Juru,1
13008,ATIVO,Tri蚤gulo,TRIANGULO,Tri蚤gulo,1
13009,ATIVO,Alto Solim쳔s,ALTO SOLIMOES,Alto Solim쳔s,1
14001,ATIVO,Centro Norte,CENTRO NORTE,Centro Norte,1
14002,ATIVO,Sul,SUL,Sul,1
15000,IGNOR,CGR Regio de Sa칰de do Baixo Amazonas,CGR REGIAO DE SAUDE DO BAIXO AMAZONAS,CGR Regio de Sa칰de do Baixo Amazonas,8
15000,IGNOR,CGR Regio de Sa칰de Rodovia BR 010,CGR REGIAO DE SAUDE RODOVIA BR 010,CGR Regio de Sa칰de Rodovia BR 010,8
15000,IGNOR,CGR Regio de Sa칰de Serra das Andorinhas,CGR REGIAO DE SAUDE SERRA DAS ANDORINHAS,CGR Regio de Sa칰de Serra das Andorinhas,8
15000,IGNOR,CGR Regio de Sa칰de Serra dos Caraj押,CGR REGIAO DE SAUDE SERRA DOS CARAJAS,CGR Regio de Sa칰de Serra dos Caraj押,8
15000,IGNOR,CGR Regio de Sa칰de Al칰a Vi壓ia,CGR REGIAO DE SAUDE ALCA VIARIA,CGR Regio de Sa칰de Al칰a Vi壓ia,8
15000,IGNOR,CGR Regio de Sa칰de Araguaia,CGR REGIAO DE SAUDE ARAGUAIA,CGR Regio de Sa칰de Araguaia,8
15000,IGNOR,CGR Regio de Sa칰de Araguaia-Xing칰,CGR REGIAO DE SAUDE ARAGUAIA-XINGU,CGR Regio de Sa칰de Araguaia-Xing칰,8
15000,IGNOR,CGR Regio de Sa칰de da Bacia Atl蚤tico Caetes,CGR REGIAO DE SAUDE DA BACIA ATLANTICO CAETES,CGR Regio de Sa칰de da Bacia Atl蚤tico Caetes,8
15000,IGNOR,CGR Regio de Sa칰de da Calha Norte,CGR REGIAO DE SAUDE DA CALHA NORTE,CGR Regio de Sa칰de da Calha Norte,8
15000,IGNOR,CGR Regio de Saude da Rod. Transamaz칪nia,CGR REGIAO DE SAUDE DA ROD. TRANSAMAZONIA,CGR Regio de Saude da Rod. Transamaz칪nia,8
15000,IGNOR,CGR Regio de Sa칰de do Baixo Tocantins,CGR REGIAO DE SAUDE DO BAIXO TOCANTINS,CGR Regio de Sa칰de do Baixo Tocantins,8
15000,IGNOR,CGR Regio de Sa칰de do Rio Guam,CGR REGIAO DE SAUDE DO RIO GUAMA,CGR Regio de Sa칰de do Rio Guam,8
15000,IGNOR,CGR Regio de Sa칰de do Rio Tapaj칩s,CGR REGIAO DE SAUDE DO RIO TAPAJOS,CGR Regio de Sa칰de do Rio Tapaj칩s,8
15000,IGNOR,CGR Regio de Sa칰de Entre Rios,CGR REGIAO DE SAUDE ENTRE RIOS,CGR Regio de Sa칰de Entre Rios,8
15000,IGNOR,CGR Regio de Sa칰de Itacaiunas Tocantins,CGR REGIAO DE SAUDE ITACAIUNAS TOCANTINS,CGR Regio de Sa칰de Itacaiunas Tocantins,8
15000,IGNOR,CGR Regio de Sa칰de Lago Tucuru치,CGR REGIAO DE SAUDE LAGO TUCURUI,CGR Regio de Sa칰de Lago Tucuru치,8
15000,IGNOR,CGR Regio de Sa칰de Maraj칩 Ocidental,CGR REGIAO DE SAUDE MARAJO OCIDENTAL,CGR Regio de Sa칰de Maraj칩 Ocidental,8
15000,IGNOR,CGR Regio de Sa칰de Maraj칩 Oriental,CGR REGIAO DE SAUDE MARAJO ORIENTAL,CGR Regio de Sa칰de Maraj칩 Oriental,8
15000,IGNOR,CGR Regio de Sa칰de Metropolitana,CGR REGIAO DE SAUDE METROPOLITANA,CGR Regio de Sa칰de Metropolitana,8
15000,IGNOR,CGR Regio de Sa칰de Planalto do Araguaia,CGR REGIAO DE SAUDE PLANALTO DO ARAGUAIA,CGR Regio de Sa칰de Planalto do Araguaia,8
15000,IGNOR,CGR Regio de Sa칰de Rodovia BR 222,CGR REGIAO DE SAUDE RODOVIA BR 222,CGR Regio de Sa칰de Rodovia BR 222,8
15000,IGNOR,CGR Regio de Sa칰de Rodovia PA-140/Rio Capim,CGR REGIAO DE SAUDE RODOVIA PA-140/RIO CAPIM,CGR Regio de Sa칰de Rodovia PA-140/Rio Capim,8
15000,IGNOR,CGR Regio de Sa칰de Rodovia PA-140/Rio Guajar-Miri,CGR REGIAO DE SAUDE RODOVIA PA-140/RIO GUAJARA-MIRI,CGR Regio de Sa칰de Rodovia PA-140/Rio Guajar-Miri,8
15000,IGNOR,Maraj칩,MARAJO,Maraj칩,8
15001,ATIVO,Araguaia,ARAGUAIA,Araguaia,1
15002,ATIVO,Baixo Amazonas,BAIXO AMAZONAS,Baixo Amazonas,1
15003,ATIVO,Caraj押,CARAJAS,Caraj押,1
15004,ATIVO,Lago de Tucuru치,LAGO DE TUCURUI,Lago de Tucuru치,1
15006,ATIVO,Metropolitana I,METROPOLITANA I,Metropolitana I,1
15007,ATIVO,Metropolitana II,METROPOLITANA II,Metropolitana II,1
15008,ATIVO,Metropolitana III,METROPOLITANA III,Metropolitana III,1
15009,ATIVO,Rio Caet칥s,RIO CAETES,Rio Caet칥s,1
15010,ATIVO,Tapaj칩s,TAPAJOS,Tapaj칩s,1
15011,ATIVO,Tocantins,TOCANTINS,Tocantins,1
15012,ATIVO,Xingu,XINGU,Xingu,1
15013,ATIVO,Maraj칩 I,MARAJO I,Maraj칩 I,1
15014,ATIVO,Maraj칩 II,MARAJO II,Maraj칩 II,1
16001,ATIVO,rea Central,AREA CENTRAL,rea Central,1
16002,ATIVO,rea Norte,AREA NORTE,rea Norte,1
16003,ATIVO,rea Sudoeste,AREA SUDOESTE,rea Sudoeste,1
17000,IGNOR,Miracema,MIRACEMA,Miracema,8
17000,IGNOR,Araguaia - Tocantins,ARAGUAIA - TOCANTINS,Araguaia - Tocantins,8
17000,IGNOR,Centro-Sul,CENTRO-SUL,Centro-Sul,8
17000,IGNOR,Cultura do Cerrado,CULTURA DO CERRADO,Cultura do Cerrado,8
17000,IGNOR,Extremo Sudeste,EXTREMO SUDESTE,Extremo Sudeste,8
17000,IGNOR,Lobo Guar,LOBO GUARA,Lobo Guar,8
17000,IGNOR,M칥dio Araguaia,MEDIO ARAGUAIA,M칥dio Araguaia,8
17000,IGNOR,Portal do Bico,PORTAL DO BICO,Portal do Bico,8
17000,IGNOR,Sul Angical,SUL ANGICAL,Sul Angical,8
17001,ATIVO,M칥dio Norte Araguaia,MEDIO NORTE ARAGUAIA,M칥dio Norte Araguaia,1
17002,ATIVO,Bico do Papagaio,BICO DO PAPAGAIO,Bico do Papagaio,1
17003,ATIVO,Sudeste,SUDESTE,Sudeste,1
17003,IGNOR,Dian칩polis,DIANOPOLIS,Dian칩polis,8
17004,ATIVO,Cerrado Tocantins Araguaia,CERRADO TOCANTINS ARAGUAIA,Cerrado Tocantins Araguaia,1
17005,ATIVO,Ilha do Bananal,ILHA DO BANANAL,Ilha do Bananal,1
17006,ATIVO,Capim Dourado,CAPIM DOURADO,Capim Dourado,1
17006,IGNOR,Palmas,PALMAS,Palmas,8
17007,ATIVO,Canto,CANTAO,Canto,1
17007,IGNOR,canto,CANTAO,canto,8
17008,ATIVO,Amor Perfeito,AMOR PERFEITO,Amor Perfeito,1
21001,ATIVO,A칰ail蚤dia,ACAILANDIA,A칰ail蚤dia,1
21002,ATIVO,Bacabal,BACABAL,Bacabal,1
21003,ATIVO,Balsas,BALSAS,Balsas,1
21004,ATIVO,Barra do Corda,BARRA DO CORDA,Barra do Corda,1
21005,ATIVO,Caxias,CAXIAS,Caxias,1
21006,ATIVO,Chapadinha,CHAPADINHA,Chapadinha,1
21007,ATIVO,Cod칩,CODO,Cod칩,1
21008,ATIVO,Imperatriz,IMPERATRIZ,Imperatriz,1
21009,ATIVO,Itapecuru Mirim,ITAPECURU MIRIM,Itapecuru Mirim,1
21010,ATIVO,Pedreiras,PEDREIRAS,Pedreiras,1
21011,ATIVO,Pinheiro,PINHEIRO,Pinheiro,1
21012,ATIVO,Presidente Dutra,PRESIDENTE DUTRA,Presidente Dutra,1
21013,ATIVO,Ros壓io,ROSARIO,Ros壓io,1
21014,ATIVO,Santa In칣s,SANTA INES,Santa In칣s,1
21015,ATIVO,So Joo dos Patos,SAO JOAO DOS PATOS,So Joo dos Patos,1
21016,ATIVO,So Lu치s,SAO LUIS,So Lu치s,1
21017,ATIVO,Timon,TIMON,Timon,1
21018,ATIVO,Viana,VIANA,Viana,1
21019,ATIVO,Z칥 Doca,ZE DOCA,Z칥 Doca,1
22001,ATIVO,Carnaubais,CARNAUBAIS,Carnaubais,1
22002,ATIVO,Chapada das Mangabeiras,CHAPADA DAS MANGABEIRAS,Chapada das Mangabeiras,1
22003,ATIVO,Cocais,COCAIS,Cocais,1
22004,ATIVO,Entre Rios,ENTRE RIOS,Entre Rios,1
22005,ATIVO,Plan치cie Litor蚤ea,PLANICIE LITORANEA,Plan치cie Litor蚤ea,1
22006,ATIVO,Serra da Capivara,SERRA DA CAPIVARA,Serra da Capivara,1
22007,ATIVO,Tabuleiros do Alto Parna치ba,TABULEIROS DO ALTO PARNAIBA,Tabuleiros do Alto Parna치ba,1
22008,ATIVO,Vale do Canind칥,VALE DO CANINDE,Vale do Canind칥,1
22009,ATIVO,Vale do Rio Guaribas,VALE DO RIO GUARIBAS,Vale do Rio Guaribas,1
22010,ATIVO,Vale do Sambito,VALE DO SAMBITO,Vale do Sambito,1
22011,ATIVO,Vale dos Rios Piau치 e Itaueiras,VALE DOS RIOS PIAUI E ITAUEIRAS,Vale dos Rios Piau치 e Itaueiras,1
23001,ATIVO,1춻 Regio Fortaleza,1춻 REGIAO FORTALEZA,1춻 Regio Fortaleza,1
23002,ATIVO,2춻 Regio Caucaia,2춻 REGIAO CAUCAIA,2춻 Regio Caucaia,1
23003,ATIVO,3춻 Regio Maracana칰,3춻 REGIAO MARACANAU,3춻 Regio Maracana칰,1
23004,ATIVO,4춻 Regio Baturit칥,4춻 REGIAO BATURITE,4춻 Regio Baturit칥,1
23005,ATIVO,5춻 Regio Canind칥,5춻 REGIAO CANINDE,5춻 Regio Canind칥,1
23006,ATIVO,6춻 Regio Itapipoca,6춻 REGIAO ITAPIPOCA,6춻 Regio Itapipoca,1
23007,ATIVO,7춻 Regio Aracati,7춻 REGIAO ARACATI,7춻 Regio Aracati,1
23008,ATIVO,8춻 Regio Quixad,8춻 REGIAO QUIXADA,8춻 Regio Quixad,1
23009,ATIVO,9춻 Regio Russas,9춻 REGIAO RUSSAS,9춻 Regio Russas,1
23010,ATIVO,10춻 Regio Limoeiro do Norte,10춻 REGIAO LIMOEIRO DO NORTE,10춻 Regio Limoeiro do Norte,1
23011,ATIVO,11춻 Regio Sobral,11춻 REGIAO SOBRAL,11춻 Regio Sobral,1
23012,ATIVO,12춻 Regio Acara칰,12춻 REGIAO ACARAU,12춻 Regio Acara칰,1
23013,ATIVO,13춻 Regio Tiangu,13춻 REGIAO TIANGUA,13춻 Regio Tiangu,1
23014,ATIVO,14춻 Regio Tau,14춻 REGIAO TAUA,14춻 Regio Tau,1
23015,ATIVO,15춻 Regio Crate칰s,15춻 REGIAO CRATEUS,15춻 Regio Crate칰s,1
23016,ATIVO,16춻 Regio Camocim,16춻 REGIAO CAMOCIM,16춻 Regio Camocim,1
23017,ATIVO,17춻 Regio Ic칩,17춻 REGIAO ICO,17춻 Regio Ic칩,1
23018,ATIVO,18춻 Regio Iguat칰,18춻 REGIAO IGUATU,18춻 Regio Iguat칰,1
23019,ATIVO,19춻 Regio Brejo Santo,19춻 REGIAO BREJO SANTO,19춻 Regio Brejo Santo,1
23020,ATIVO,20춻 Regio Crato,20춻 REGIAO CRATO,20춻 Regio Crato,1
23021,ATIVO,21춻 Regio Juazeiro do Norte,21춻 REGIAO JUAZEIRO DO NORTE,21춻 Regio Juazeiro do Norte,1
23022,ATIVO,22춻 Regio Cascavel,22춻 REGIAO CASCAVEL,22춻 Regio Cascavel,1
24001,ATIVO,1춻 Regio de Sa칰de - So Jos칥 de Mipibu,1춻 REGIAO DE SAUDE - SAO JOSE DE MIPIBU,1춻 Regio de Sa칰de - So Jos칥 de Mipibu,1
24002,ATIVO,2춻 Regio de Sa칰de - Mossor칩,2춻 REGIAO DE SAUDE - MOSSORO,2춻 Regio de Sa칰de - Mossor칩,1
24003,ATIVO,3춻 Regio de Sa칰de - Joo C藻ara,3춻 REGIAO DE SAUDE - JOAO CAMARA,3춻 Regio de Sa칰de - Joo C藻ara,1
24004,ATIVO,4춻 Regio de Sa칰de - Caic칩,4춻 REGIAO DE SAUDE - CAICO,4춻 Regio de Sa칰de - Caic칩,1
24005,ATIVO,5춻 Regio de Sa칰de - Santa Cruz,5춻 REGIAO DE SAUDE - SANTA CRUZ,5춻 Regio de Sa칰de - Santa Cruz,1
24006,ATIVO,6춻 Regio de Sa칰de - Pau dos Ferros,6춻 REGIAO DE SAUDE - PAU DOS FERROS,6춻 Regio de Sa칰de - Pau dos Ferros,1
24007,ATIVO,7춻 Regio de Sa칰de - Metropolitana,7춻 REGIAO DE SAUDE - METROPOLITANA,7춻 Regio de Sa칰de - Metropolitana,1
24008,ATIVO,8춻 Regio de Sa칰de - A칰u,8춻 REGIAO DE SAUDE - ACU,8춻 Regio de Sa칰de - A칰u,1
25001,ATIVO,1춻 Regio Mata Atl蚤tica,1춻 REGIAO MATA ATLANTICA,1춻 Regio Mata Atl蚤tica,1
25002,ATIVO,2춻 Regio,2춻 REGIAO,2춻 Regio,1
25003,ATIVO,3춻 Regio,3춻 REGIAO,3춻 Regio,1
25004,ATIVO,4춻 Regio,4춻 REGIAO,4춻 Regio,1
25005,ATIVO,5춻 Regio,5춻 REGIAO,5춻 Regio,1
25006,ATIVO,6춻 Regio,6춻 REGIAO,6춻 Regio,1
25007,ATIVO,7춻 Regio,7춻 REGIAO,7춻 Regio,1
25008,ATIVO,8춻 Regio,8춻 REGIAO,8춻 Regio,1
25009,ATIVO,9춻 Regio,9춻 REGIAO,9춻 Regio,1
25010,ATIVO,10춻 Regio,10춻 REGIAO,10춻 Regio,1
25011,ATIVO,11춻 Regio,11춻 REGIAO,11춻 Regio,1
25012,ATIVO,12춻 Regio,12춻 REGIAO,12춻 Regio,1
25013,ATIVO,13춻 Regio,13춻 REGIAO,13춻 Regio,1
25014,ATIVO,14춻 Regio,14춻 REGIAO,14춻 Regio,1
25015,ATIVO,15춻 Regio,15춻 REGIAO,15춻 Regio,1
25016,ATIVO,16춻 Regio,16춻 REGIAO,16춻 Regio,1
26001,ATIVO,Afogados da Ingazeira,AFOGADOS DA INGAZEIRA,Afogados da Ingazeira,1
26002,ATIVO,Arcoverde,ARCOVERDE,Arcoverde,1
26003,ATIVO,Caruaru,CARUARU,Caruaru,1
26004,ATIVO,Garanhuns,GARANHUNS,Garanhuns,1
26005,ATIVO,Goiana,GOIANA,Goiana,1
26006,ATIVO,Limoeiro,LIMOEIRO,Limoeiro,1
26007,ATIVO,Ouricuri,OURICURI,Ouricuri,1
26008,ATIVO,Palmares,PALMARES,Palmares,1
26009,ATIVO,Petrolina,PETROLINA,Petrolina,1
26010,ATIVO,Recife,RECIFE,Recife,1
26011,ATIVO,Salgueiro,SALGUEIRO,Salgueiro,1
26012,ATIVO,Serra Talhada,SERRA TALHADA,Serra Talhada,1
27001,ATIVO,1춻 Regio de Sa칰de,1춻 REGIAO DE SAUDE,1춻 Regio de Sa칰de,1
27002,ATIVO,2춻 Regio de Sa칰de,2춻 REGIAO DE SAUDE,2춻 Regio de Sa칰de,1
27003,ATIVO,3춻 Regio de Sa칰de,3춻 REGIAO DE SAUDE,3춻 Regio de Sa칰de,1
27004,ATIVO,4춻 Regio de Sa칰de,4춻 REGIAO DE SAUDE,4춻 Regio de Sa칰de,1
27005,ATIVO,5춻 Regio de Sa칰de,5춻 REGIAO DE SAUDE,5춻 Regio de Sa칰de,1
27006,ATIVO,6춻 Regio de Sa칰de,6춻 REGIAO DE SAUDE,6춻 Regio de Sa칰de,1
27007,ATIVO,7춻 Regio de Sa칰de,7춻 REGIAO DE SAUDE,7춻 Regio de Sa칰de,1
27008,ATIVO,8춻 Regio de Sa칰de,8춻 REGIAO DE SAUDE,8춻 Regio de Sa칰de,1
27009,ATIVO,9춻 Regio de Sa칰de,9춻 REGIAO DE SAUDE,9춻 Regio de Sa칰de,1
27010,ATIVO,10춻 Regio de Sa칰de,10춻 REGIAO DE SAUDE,10춻 Regio de Sa칰de,1
28001,ATIVO,Aracaju,ARACAJU,Aracaju,1
28002,ATIVO,Est蚤cia,ESTANCIA,Est蚤cia,1
28003,ATIVO,Itabaiana,ITABAIANA,Itabaiana,1
28004,ATIVO,Lagarto,LAGARTO,Lagarto,1
28005,ATIVO,Nossa Senhora da Gl칩ria,NOSSA SENHORA DA GLORIA,Nossa Senhora da Gl칩ria,1
28006,ATIVO,Nossa Senhora do Socorro,NOSSA SENHORA DO SOCORRO,Nossa Senhora do Socorro,1
28007,ATIVO,Propri,PROPRIA,Propri,1
29001,ATIVO,Alagoinhas,ALAGOINHAS,Alagoinhas,1
29002,ATIVO,Barreiras,BARREIRAS,Barreiras,1
29003,ATIVO,Brumado,BRUMADO,Brumado,1
29004,ATIVO,Cama칰ari,CAMACARI,Cama칰ari,1
29005,ATIVO,Cruz das Almas,CRUZ DAS ALMAS,Cruz das Almas,1
29006,ATIVO,Feira de Santana,FEIRA DE SANTANA,Feira de Santana,1
29007,ATIVO,Guanambi,GUANAMBI,Guanambi,1
29008,ATIVO,Ibotirama,IBOTIRAMA,Ibotirama,1
29009,ATIVO,Ilh칥us,ILHEUS,Ilh칥us,1
29010,ATIVO,Irec칣,IRECE,Irec칣,1
29011,ATIVO,Itaberaba,ITABERABA,Itaberaba,1
29012,ATIVO,Itabuna,ITABUNA,Itabuna,1
29013,ATIVO,Itapetinga,ITAPETINGA,Itapetinga,1
29014,ATIVO,Jacobina,JACOBINA,Jacobina,1
29015,ATIVO,Jequi칥,JEQUIE,Jequi칥,1
29016,ATIVO,Juazeiro,JUAZEIRO,Juazeiro,1
29017,ATIVO,Paulo Afonso,PAULO AFONSO,Paulo Afonso,1
29018,ATIVO,Porto Seguro,PORTO SEGURO,Porto Seguro,1
29019,ATIVO,Ribeira do Pombal,RIBEIRA DO POMBAL,Ribeira do Pombal,1
29020,ATIVO,Salvador,SALVADOR,Salvador,1
29021,ATIVO,Santa Maria da Vit칩ria,SANTA MARIA DA VITORIA,Santa Maria da Vit칩ria,1
29022,ATIVO,Santo Ant칪nio de Jesus,SANTO ANTONIO DE JESUS,Santo Ant칪nio de Jesus,1
29023,ATIVO,Seabra,SEABRA,Seabra,1
29024,ATIVO,Senhor do Bonfim,SENHOR DO BONFIM,Senhor do Bonfim,1
29025,ATIVO,Serrinha,SERRINHA,Serrinha,1
29026,ATIVO,Teixeira de Freitas,TEIXEIRA DE FREITAS,Teixeira de Freitas,1
29027,ATIVO,Valen칰a,VALENCA,Valen칰a,1
29028,ATIVO,Vit칩ria da Conquista,VITORIA DA CONQUISTA,Vit칩ria da Conquista,1
31001,ATIVO,Alfenas / Machado,ALFENAS / MACHADO,Alfenas / Machado,1
31001,IGNOR,guas Formosas,AGUAS FORMOSAS,guas Formosas,8
31002,ATIVO,Guaxup칥,GUAXUPE,Guaxup칥,1
31002,IGNOR,Al칥m Para치ba,ALEM PARAIBA,Al칥m Para치ba,8
31003,ATIVO,Itajub,ITAJUBA,Itajub,1
31003,IGNOR,Alfenas Machado,ALFENAS MACHADO,Alfenas Machado,8
31004,ATIVO,Lavras,LAVRAS,Lavras,1
31004,IGNOR,Almenara,ALMENARA,Almenara,8
31005,IGNOR,Ara칰ua치,ARACUAI,Ara칰ua치,8
31006,ATIVO,Po칰os de Caldas,POCOS DE CALDAS,Po칰os de Caldas,1
31006,IGNOR,Arax,ARAXA,Arax,8
31007,ATIVO,Pouso Alegre,POUSO ALEGRE,Pouso Alegre,1
31007,IGNOR,Barbacena,BARBACENA,Barbacena,8
31008,ATIVO,So Louren칰o,SAO LOURENCO,So Louren칰o,1
31008,IGNOR,Belo Horizonte Nova Lima Caet칥,BELO HORIZONTE NOVA LIMA CAETE,Belo Horizonte Nova Lima Caet칥,8
31009,ATIVO,So Sebastio do Para치so,SAO SEBASTIAO DO PARAISO,So Sebastio do Para치so,1
31009,IGNOR,Betim,BETIM,Betim,8
31010,ATIVO,Tr칣s Cora칰쳔s,TRES CORACOES,Tr칣s Cora칰쳔s,1
31010,IGNOR,Bom Despacho,BOM DESPACHO,Bom Despacho,8
31011,ATIVO,Tr칣s Pontas,TRES PONTAS,Tr칣s Pontas,1
31011,IGNOR,Bras치lia de Minas So Francisco,BRASILIA DE MINAS SAO FRANCISCO,Bras치lia de Minas So Francisco,8
31012,ATIVO,Varginha,VARGINHA,Varginha,1
31012,IGNOR,Carangola,CARANGOLA,Carangola,8
31013,ATIVO,Barbacena,BARBACENA,Barbacena,1
31013,IGNOR,Caratinga,CARATINGA,Caratinga,8
31014,IGNOR,Conselheiro Lafaiete Congonhas,CONSELHEIRO LAFAIETE CONGONHAS,Conselheiro Lafaiete Congonhas,8
31015,ATIVO,So Joo Del Rei,SAO JOAO DEL REI,So Joo Del Rei,1
31015,IGNOR,Contagem,CONTAGEM,Contagem,8
31016,ATIVO,Belo Horizonte/ Nova Lima/ Caet칥,BELO HORIZONTE/ NOVA LIMA/ CAETE,Belo Horizonte/ Nova Lima/ Caet칥,1
31016,IGNOR,Cora칰o de Jesus,CORACAO DE JESUS,Cora칰o de Jesus,8
31017,ATIVO,Betim,BETIM,Betim,1
31017,IGNOR,Coronel Fabriciano Tim칩teo,CORONEL FABRICIANO TIMOTEO,Coronel Fabriciano Tim칩teo,8
31018,ATIVO,Contagem,CONTAGEM,Contagem,1
31018,IGNOR,Curvelo,CURVELO,Curvelo,8
31019,ATIVO,Curvelo,CURVELO,Curvelo,1
31019,IGNOR,Diamantina,DIAMANTINA,Diamantina,8
31020,ATIVO,Guanhes,GUANHAES,Guanhes,1
31020,IGNOR,Divin칩polis Santo Ant칪nio do Monte,DIVINOPOLIS SANTO ANTONIO DO MONTE,Divin칩polis Santo Ant칪nio do Monte,8
31021,ATIVO,Itabira,ITABIRA,Itabira,1
31021,IGNOR,Formiga,FORMIGA,Formiga,8
31022,ATIVO,Ouro Preto,OURO PRETO,Ouro Preto,1
31022,IGNOR,Francisco S,FRANCISCO SA,Francisco S,8
31023,ATIVO,Joo Monlevade,JOAO MONLEVADE,Joo Monlevade,1
31023,IGNOR,Frutal Iturama,FRUTAL ITURAMA,Frutal Iturama,8
31024,ATIVO,Sete Lagoas,SETE LAGOAS,Sete Lagoas,1
31024,IGNOR,Governador Valadares,GOVERNADOR VALADARES,Governador Valadares,8
31025,ATIVO,Vespasiano,VESPASIANO,Vespasiano,1
31025,IGNOR,Guanhes,GUANHAES,Guanhes,8
31026,ATIVO,Diamantina,DIAMANTINA,Diamantina,1
31026,IGNOR,Guaxup칥,GUAXUPE,Guaxup칥,8
31027,ATIVO,Turmalina/Minas Novas/Capelinha,TURMALINA/MINAS NOVAS/CAPELINHA,Turmalina/Minas Novas/Capelinha,1
31027,IGNOR,Ipatinga,IPATINGA,Ipatinga,8
31028,ATIVO,Bom Despacho,BOM DESPACHO,Bom Despacho,1
31028,IGNOR,Itabira,ITABIRA,Itabira,8
31029,IGNOR,Itajub,ITAJUBA,Itajub,8
31030,ATIVO,Formiga,FORMIGA,Formiga,1
31030,IGNOR,Itaobim,ITAOBIM,Itaobim,8
31031,ATIVO,Ita칰na,ITAUNA,Ita칰na,1
31031,IGNOR,Ita칰na,ITAUNA,Ita칰na,8
31032,ATIVO,Par de Minas,PARA DE MINAS,Par de Minas,1
31032,IGNOR,Ituiutaba,ITUIUTABA,Ituiutaba,8
31033,IGNOR,Jana칰ba Monte Azul,JANAUBA MONTE AZUL,Jana칰ba Monte Azul,8
31034,ATIVO,Caratinga,CARATINGA,Caratinga,1
31034,IGNOR,Janu壓ia,JANUARIA,Janu壓ia,8
31035,ATIVO,Coronel Fabriciano/Tim칩teo,CORONEL FABRICIANO/TIMOTEO,Coronel Fabriciano/Tim칩teo,1
31035,IGNOR,Joo Monlevade,JOAO MONLEVADE,Joo Monlevade,8
31036,ATIVO,Governador Valadares,GOVERNADOR VALADARES,Governador Valadares,1
31036,IGNOR,Joo Pinheiro,JOAO PINHEIRO,Joo Pinheiro,8
31037,ATIVO,Ipatinga,IPATINGA,Ipatinga,1
31037,IGNOR,Juiz de Fora Lima Duarte Bom Jardim Minas,JUIZ DE FORA LIMA DUARTE BOM JARDIM MINAS,Juiz de Fora Lima Duarte Bom Jardim Minas,8
31038,ATIVO,Mantena,MANTENA,Mantena,1
31038,IGNOR,Lavras,LAVRAS,Lavras,8
31039,IGNOR,Leopoldina Cataguases,LEOPOLDINA CATAGUASES,Leopoldina Cataguases,8
31040,ATIVO,Resplendor,RESPLENDOR,Resplendor,1
31040,IGNOR,Manga,MANGA,Manga,8
31041,ATIVO,Al칥m  Para치ba,ALEM  PARAIBA,Al칥m  Para치ba,1
31041,IGNOR,Manhua칰u,MANHUACU,Manhua칰u,8
31042,ATIVO,Carangola,CARANGOLA,Carangola,1
31042,IGNOR,Mantena,MANTENA,Mantena,8
31043,IGNOR,Minas Novas Turmalina Capelinha,MINAS NOVAS TURMALINA CAPELINHA,Minas Novas Turmalina Capelinha,8
31044,ATIVO,Leopoldina / Cataguases,LEOPOLDINA / CATAGUASES,Leopoldina / Cataguases,1
31044,IGNOR,Montes Claros Bocai칰va,MONTES CLAROS BOCAIUVA,Montes Claros Bocai칰va,8
31045,ATIVO,Muria칥,MURIAE,Muria칥,1
31045,IGNOR,Muria칥,MURIAE,Muria칥,8
31046,ATIVO,Santos Dumont,SANTOS DUMONT,Santos Dumont,1
31046,IGNOR,Nanuque,NANUQUE,Nanuque,8
31047,ATIVO,So Joo Nepomuceno / bicas,SAO JOAO NEPOMUCENO / BICAS,So Joo Nepomuceno / bicas,1
31047,IGNOR,Ouro Preto,OURO PRETO,Ouro Preto,8
31048,ATIVO,Ub,UBA,Ub,1
31048,IGNOR,Padre Para치so,PADRE PARAISO,Padre Para치so,8
31049,ATIVO,Bras치lia de Minas/So Francisco,BRASILIA DE MINAS/SAO FRANCISCO,Bras치lia de Minas/So Francisco,1
31049,IGNOR,Par de Minas,PARA DE MINAS,Par de Minas,8
31050,ATIVO,Cora칰o de Jesus,CORACAO DE JESUS,Cora칰o de Jesus,1
31050,IGNOR,Passos Piumhi,PASSOS PIUMHI,Passos Piumhi,8
31051,ATIVO,Francisco S,FRANCISCO SA,Francisco S,1
31051,IGNOR,Patos de Minas,PATOS DE MINAS,Patos de Minas,8
31052,ATIVO,Jana칰ba/Monte Azul,JANAUBA/MONTE AZUL,Jana칰ba/Monte Azul,1
31052,IGNOR,Patroc치nio Monte Carmelo,PATROCINIO MONTE CARMELO,Patroc치nio Monte Carmelo,8
31053,ATIVO,Janu壓ia,JANUARIA,Janu壓ia,1
31053,IGNOR,Pedra Azul,PEDRA AZUL,Pedra Azul,8
31054,IGNOR,Pirapora,PIRAPORA,Pirapora,8
31055,ATIVO,Pirapora,PIRAPORA,Pirapora,1
31055,IGNOR,Po칰os de Caldas,POCOS DE CALDAS,Po칰os de Caldas,8
31056,IGNOR,Ponte Nova,PONTE NOVA,Ponte Nova,8
31057,ATIVO,Patos de Minas,PATOS DE MINAS,Patos de Minas,1
31057,IGNOR,Pouso Alegre,POUSO ALEGRE,Pouso Alegre,8
31058,ATIVO,Una치,UNAI,Una치,1
31058,IGNOR,Resplendor,RESPLENDOR,Resplendor,8
31059,ATIVO,Manhua칰u,MANHUACU,Manhua칰u,1
31059,IGNOR,Salinas Taiobeiras,SALINAS TAIOBEIRAS,Salinas Taiobeiras,8
31060,ATIVO,Ponte Nova,PONTE NOVA,Ponte Nova,1
31060,IGNOR,Santa Maria do Sua칰u치 So Joo Evangelista,SANTA MARIA DO SUACUI SAO JOAO EVANGELISTA,Santa Maria do Sua칰u치 So Joo Evangelista,8
31061,ATIVO,Vi칰osa,VICOSA,Vi칰osa,1
31061,IGNOR,Santo Ant칪nio do Amparo Campo Belo,SANTO ANTONIO DO AMPARO CAMPO BELO,Santo Ant칪nio do Amparo Campo Belo,8
31062,ATIVO,guas Formosas,AGUAS FORMOSAS,guas Formosas,1
31062,IGNOR,Santos Dumont,SANTOS DUMONT,Santos Dumont,8
31063,IGNOR,So Joo del Rei,SAO JOAO DEL REI,So Joo del Rei,8
31064,ATIVO,Ara칰ua치,ARACUAI,Ara칰ua치,1
31064,IGNOR,So Joo Nepomuceno Bicas,SAO JOAO NEPOMUCENO BICAS,So Joo Nepomuceno Bicas,8
31065,ATIVO,Itaobim,ITAOBIM,Itaobim,1
31065,IGNOR,So Louren칰o,SAO LOURENCO,So Louren칰o,8
31066,ATIVO,Nanuque,NANUQUE,Nanuque,1
31066,IGNOR,So Sebastio do Para치so,SAO SEBASTIAO DO PARAISO,So Sebastio do Para치so,8
31067,ATIVO,Padre Para치so,PADRE PARAISO,Padre Para치so,1
31067,IGNOR,Sete Lagoas,SETE LAGOAS,Sete Lagoas,8
31068,ATIVO,Pedra azul,PEDRA AZUL,Pedra azul,1
31068,IGNOR,Te칩filo Otoni Malacacheta Itambacuri,TEOFILO OTONI MALACACHETA ITAMBACURI,Te칩filo Otoni Malacacheta Itambacuri,8
31069,IGNOR,Tr칣s Cora칰쳔s,TRES CORACOES,Tr칣s Cora칰쳔s,8
31070,ATIVO,Arax,ARAXA,Arax,1
31070,IGNOR,Tr칣s Pontas,TRES PONTAS,Tr칣s Pontas,8
31071,ATIVO,Frutal / Iturama,FRUTAL / ITURAMA,Frutal / Iturama,1
31071,IGNOR,Ub,UBA,Ub,8
31072,ATIVO,Uberaba,UBERABA,Uberaba,1
31072,IGNOR,Uberaba,UBERABA,Uberaba,8
31073,ATIVO,Ituiutaba,ITUIUTABA,Ituiutaba,1
31073,IGNOR,Uberl蚤dia Araguari,UBERLANDIA ARAGUARI,Uberl蚤dia Araguari,8
31074,ATIVO,Patroc치nio / Monte Carmelo,PATROCINIO / MONTE CARMELO,Patroc치nio / Monte Carmelo,1
31074,IGNOR,Una치,UNAI,Una치,8
31075,ATIVO,Uberl蚤dia / Araguari,UBERLANDIA / ARAGUARI,Uberl蚤dia / Araguari,1
31075,IGNOR,Varginha,VARGINHA,Varginha,8
31076,ATIVO,Manga,MANGA,Manga,1
31076,IGNOR,Vespasiano,VESPASIANO,Vespasiano,8
31077,ATIVO,Joo Pinheiro,JOAO PINHEIRO,Joo Pinheiro,1
31077,IGNOR,Vi칰osa,VICOSA,Vi칰osa,8
31078,ATIVO,Congonhas,CONGONHAS,Congonhas,1
31079,ATIVO,Conselheiro Lafaiete,CONSELHEIRO LAFAIETE,Conselheiro Lafaiete,1
31080,ATIVO,Pe칰anha/So Joo Evangelista,PECANHA/SAO JOAO EVANGELISTA,Pe칰anha/So Joo Evangelista,1
31081,ATIVO,Santa Maria do Sua칰u치,SANTA MARIA DO SUACUI,Santa Maria do Sua칰u치,1
31082,ATIVO,So Gotardo,SAO GOTARDO,So Gotardo,1
31083,ATIVO,Bocai칰va,BOCAIUVA,Bocai칰va,1
31084,ATIVO,Montes Claros,MONTES CLAROS,Montes Claros,1
31085,ATIVO,Taiobeiras,TAIOBEIRAS,Taiobeiras,1
31086,ATIVO,Divin칩polis,DIVINOPOLIS,Divin칩polis,1
31087,ATIVO,Lagoa da Prata/Sto Ant do Monte,LAGOA DA PRATA/STO ANT DO MONTE,Lagoa da Prata/Sto Ant do Monte,1
31088,ATIVO,Oliveira/Santo Ant칪nio do Amparo,OLIVEIRA/SANTO ANTONIO DO AMPARO,Oliveira/Santo Ant칪nio do Amparo,1
31089,ATIVO,Campo Belo,CAMPO BELO,Campo Belo,1
31090,ATIVO,Lima Duarte,LIMA DUARTE,Lima Duarte,1
31091,ATIVO,Cassia,CASSIA,Cassia,1
31092,ATIVO,Passos,PASSOS,Passos,1
31093,ATIVO,Piumhi,PIUMHI,Piumhi,1
31094,ATIVO,Almenara/Jacinto,ALMENARA/JACINTO,Almenara/Jacinto,1
31095,ATIVO,Serro,SERRO,Serro,1
31096,ATIVO,Itambacuri,ITAMBACURI,Itambacuri,1
31097,ATIVO,Juiz de Fora,JUIZ DE FORA,Juiz de Fora,1
31098,ATIVO,salinas,SALINAS,salinas,1
31099,ATIVO,Te칩filo Otoni / Malacacheta,TEOFILO OTONI / MALACACHETA,Te칩filo Otoni / Malacacheta,1
32001,ATIVO,Central,CENTRAL,Central,1
32002,ATIVO,Metropolitana,METROPOLITANA,Metropolitana,1
32003,ATIVO,Norte,NORTE,Norte,1
32004,ATIVO,Sul,SUL,Sul,1
33001,ATIVO,Baia da Ilha Grande,BAIA DA ILHA GRANDE,Baia da Ilha Grande,1
33002,ATIVO,Baixada Litor蚤ea,BAIXADA LITORANEA,Baixada Litor蚤ea,1
33003,ATIVO,Centro-Sul,CENTRO-SUL,Centro-Sul,1
33004,ATIVO,M칥dio Para치ba,MEDIO PARAIBA,M칥dio Para치ba,1
33005,ATIVO,Metropolitana I,METROPOLITANA I,Metropolitana I,1
33006,ATIVO,Metropolitana II,METROPOLITANA II,Metropolitana II,1
33007,ATIVO,Noroeste,NOROESTE,Noroeste,1
33008,ATIVO,Norte,NORTE,Norte,1
33009,ATIVO,Serrana,SERRANA,Serrana,1
35001,IGNOR,Adamantina,ADAMANTINA,Adamantina,8
35002,IGNOR,Alta Anhanguera,ALTA ANHANGUERA,Alta Anhanguera,8
35003,IGNOR,Alta Mogiana,ALTA MOGIANA,Alta Mogiana,8
35004,IGNOR,Alta Paulista,ALTA PAULISTA,Alta Paulista,8
35005,IGNOR,Alta Sorocabana,ALTA SOROCABANA,Alta Sorocabana,8
35006,IGNOR,Alto Capivari,ALTO CAPIVARI,Alto Capivari,8
35007,IGNOR,Alto do Tiet칣,ALTO DO TIETE,Alto do Tiet칣,8
35008,IGNOR,Alto Vale do Para치ba,ALTO VALE DO PARAIBA,Alto Vale do Para치ba,8
35009,IGNOR,Aqu치fero Guarani,AQUIFERO GUARANI,Aqu치fero Guarani,8
35010,IGNOR,Araras,ARARAS,Araras,8
35011,ATIVO,Alto do Tiet칣,ALTO DO TIETE,Alto do Tiet칣,1
35011,IGNOR,Assis,ASSIS,Assis,8
35012,ATIVO,Franco da Rocha,FRANCO DA ROCHA,Franco da Rocha,1
35012,IGNOR,Baixa Mogiana,BAIXA MOGIANA,Baixa Mogiana,8
35013,ATIVO,Mananciais,MANANCIAIS,Mananciais,1
35013,IGNOR,Baixada Santista,BAIXADA SANTISTA,Baixada Santista,8
35014,ATIVO,Rota dos Bandeirantes,ROTA DOS BANDEIRANTES,Rota dos Bandeirantes,1
35014,IGNOR,Bauru,BAURU,Bauru,8
35015,ATIVO,Grande ABC,GRANDE ABC,Grande ABC,1
35016,ATIVO,So Paulo,SAO PAULO,So Paulo,1
35016,IGNOR,Campinas,CAMPINAS,Campinas,8
35017,IGNOR,Catanduva,CATANDUVA,Catanduva,8
35018,IGNOR,Central do DRS II,CENTRAL DO DRS II,Central do DRS II,8
35019,IGNOR,Central do DRS III,CENTRAL DO DRS III,Central do DRS III,8
35020,IGNOR,Centro Oeste do DRS III,CENTRO OESTE DO DRS III,Centro Oeste do DRS III,8
35021,ATIVO,Central do DRS II,CENTRAL DO DRS II,Central do DRS II,1
35021,IGNOR,Circuito da F칥 e Vale Hist칩rico,CIRCUITO DA FE E VALE HISTORICO,Circuito da F칥 e Vale Hist칩rico,8
35022,ATIVO,Lagos do DRS II,LAGOS DO DRS II,Lagos do DRS II,1
35022,IGNOR,Cons칩rcios do DRS II,CONSORCIOS DO DRS II,Cons칩rcios do DRS II,8
35023,ATIVO,Cons칩rcios do DRS II,CONSORCIOS DO DRS II,Cons칩rcios do DRS II,1
35023,IGNOR,Cora칰o do DRS III,CORACAO DO DRS III,Cora칰o do DRS III,8
35024,IGNOR,Extremo Oeste Paulista,EXTREMO OESTE PAULISTA,Extremo Oeste Paulista,8
35025,IGNOR,Fernand칩polis,FERNANDOPOLIS,Fernand칩polis,8
35026,IGNOR,Franco da Rocha,FRANCO DA ROCHA,Franco da Rocha,8
35027,IGNOR,Grande ABC,GRANDE ABC,Grande ABC,8
35028,IGNOR,Horizonte Verde,HORIZONTE VERDE,Horizonte Verde,8
35029,IGNOR,Itapetininga,ITAPETININGA,Itapetininga,8
35030,IGNOR,Itapeva,ITAPEVA,Itapeva,8
35031,ATIVO,Central do DRS III,CENTRAL DO DRS III,Central do DRS III,1
35031,IGNOR,Jales,JALES,Jales,8
35032,ATIVO,Centro Oeste do DRS III,CENTRO OESTE DO DRS III,Centro Oeste do DRS III,1
35032,IGNOR,Ja칰,JAU,Ja칰,8
35033,ATIVO,Norte do DRS III,NORTE DO DRS III,Norte do DRS III,1
35033,IGNOR,Jos칥 Bonif鞍io,JOSE BONIFACIO,Jos칥 Bonif鞍io,8
35034,ATIVO,Cora칰o do DRS III,CORACAO DO DRS III,Cora칰o do DRS III,1
35035,IGNOR,Lagos do DRS II,LAGOS DO DRS II,Lagos do DRS II,8
35036,IGNOR,Limeira,LIMEIRA,Limeira,8
35037,IGNOR,Lins,LINS,Lins,8
35038,IGNOR,Litoral Norte,LITORAL NORTE,Litoral Norte,8
35039,IGNOR,Mananciais,MANANCIAIS,Mananciais,8
35040,IGNOR,Mantiqueira,MANTIQUEIRA,Mantiqueira,8
35041,ATIVO,Baixada Santista,BAIXADA SANTISTA,Baixada Santista,1
35041,IGNOR,Mar치lia,MARILIA,Mar치lia,8
35042,IGNOR,Norte - Barretos,NORTE - BARRETOS,Norte - Barretos,8
35043,IGNOR,Norte do DRS III,NORTE DO DRS III,Norte do DRS III,8
35044,IGNOR,Oeste VII,OESTE VII,Oeste VII,8
35045,IGNOR,Ourinhos,OURINHOS,Ourinhos,8
35046,IGNOR,Polo Cuesta,POLO CUESTA,Polo Cuesta,8
35047,IGNOR,Piracicaba,PIRACICABA,Piracicaba,8
35048,IGNOR,Pontal do Paranapanema,PONTAL DO PARANAPANEMA,Pontal do Paranapanema,8
35049,IGNOR,Rio Claro,RIO CLARO,Rio Claro,8
35050,IGNOR,Rio Pardo,RIO PARDO,Rio Pardo,8
35051,ATIVO,Norte - Barretos,NORTE - BARRETOS,Norte - Barretos,1
35051,IGNOR,Rota dos Bandeirantes,ROTA DOS BANDEIRANTES,Rota dos Bandeirantes,8
35052,ATIVO,Sul - Barretos,SUL - BARRETOS,Sul - Barretos,1
35052,IGNOR,Santa F칥 do Sul,SANTA FE DO SUL,Santa F칥 do Sul,8
35053,IGNOR,So Jos칥 do Rio Preto,SAO JOSE DO RIO PRETO,So Jos칥 do Rio Preto,8
35054,IGNOR,So Paulo,SAO PAULO,So Paulo,8
35055,IGNOR,Sorocaba,SOROCABA,Sorocaba,8
35056,IGNOR,Sul - Barretos,SUL - BARRETOS,Sul - Barretos,8
35057,IGNOR,Tr칣s Colinas,TRES COLINAS,Tr칣s Colinas,8
35058,IGNOR,Tup,TUPA,Tup,8
35059,IGNOR,Vale das Cachoeiras,VALE DAS CACHOEIRAS,Vale das Cachoeiras,8
35060,IGNOR,Vale do Jurumirim,VALE DO JURUMIRIM,Vale do Jurumirim,8
35061,ATIVO,Vale do Jurumirim,VALE DO JURUMIRIM,Vale do Jurumirim,1
35061,IGNOR,Vale do Para치ba/ Regio Serrana,VALE DO PARAIBA/ REGIAO SERRANA,Vale do Para치ba/ Regio Serrana,8
35062,ATIVO,Bauru,BAURU,Bauru,1
35062,IGNOR,Vale do Ribeira,VALE DO RIBEIRA,Vale do Ribeira,8
35063,ATIVO,Polo Cuesta,POLO CUESTA,Polo Cuesta,1
35063,IGNOR,Votuporanga,VOTUPORANGA,Votuporanga,8
35064,ATIVO,Ja칰,JAU,Ja칰,1
35064,IGNOR,Bragan칰a,BRAGANCA,Bragan칰a,8
35065,ATIVO,Lins,LINS,Lins,1
35065,IGNOR,Regio Metropolitana de Campinas,REGIAO METROPOLITANA DE CAMPINAS,Regio Metropolitana de Campinas,8
35066,IGNOR,Jundia치,JUNDIAI,Jundia치,8
35067,IGNOR,Circuito das guas,CIRCUITO DAS AGUAS,Circuito das guas,8
35071,ATIVO,Bragan칰a,BRAGANCA,Bragan칰a,1
35072,ATIVO,Regio Metropolitana de Campinas,REGIAO METROPOLITANA DE CAMPINAS,Regio Metropolitana de Campinas,1
35073,ATIVO,Jundia치,JUNDIAI,Jundia치,1
35074,ATIVO,Circuito das guas,CIRCUITO DAS AGUAS,Circuito das guas,1
35081,ATIVO,Tr칣s Colinas,TRES COLINAS,Tr칣s Colinas,1
35082,ATIVO,Alta Anhanguera,ALTA ANHANGUERA,Alta Anhanguera,1
35083,ATIVO,Alta Mogiana,ALTA MOGIANA,Alta Mogiana,1
35091,ATIVO,Adamantina,ADAMANTINA,Adamantina,1
35092,ATIVO,Assis,ASSIS,Assis,1
35093,ATIVO,Mar치lia,MARILIA,Mar치lia,1
35094,ATIVO,Ourinhos,OURINHOS,Ourinhos,1
35095,ATIVO,Tup,TUPA,Tup,1
35101,ATIVO,Araras,ARARAS,Araras,1
35102,ATIVO,Limeira,LIMEIRA,Limeira,1
35103,ATIVO,Piracicaba,PIRACICABA,Piracicaba,1
35104,ATIVO,Rio Claro,RIO CLARO,Rio Claro,1
35111,ATIVO,Alta Paulista,ALTA PAULISTA,Alta Paulista,1
35112,ATIVO,Alta Sorocabana,ALTA SOROCABANA,Alta Sorocabana,1
35113,ATIVO,Alto Capivari,ALTO CAPIVARI,Alto Capivari,1
35114,ATIVO,Extremo Oeste Paulista,EXTREMO OESTE PAULISTA,Extremo Oeste Paulista,1
35115,ATIVO,Pontal do Paranapanema,PONTAL DO PARANAPANEMA,Pontal do Paranapanema,1
35121,ATIVO,Vale do Ribeira,VALE DO RIBEIRA,Vale do Ribeira,1
35131,ATIVO,Horizonte Verde,HORIZONTE VERDE,Horizonte Verde,1
35132,ATIVO,Aqu치fero Guarani,AQUIFERO GUARANI,Aqu치fero Guarani,1
35133,ATIVO,Vale das Cachoeiras,VALE DAS CACHOEIRAS,Vale das Cachoeiras,1
35141,ATIVO,Baixa Mogiana,BAIXA MOGIANA,Baixa Mogiana,1
35142,ATIVO,Mantiqueira,MANTIQUEIRA,Mantiqueira,1
35143,ATIVO,Rio Pardo,RIO PARDO,Rio Pardo,1
35151,ATIVO,Catanduva,CATANDUVA,Catanduva,1
35152,ATIVO,Santa F칥 do Sul,SANTA FE DO SUL,Santa F칥 do Sul,1
35153,ATIVO,Jales,JALES,Jales,1
35154,ATIVO,Fernand칩polis,FERNANDOPOLIS,Fernand칩polis,1
35155,ATIVO,So Jos칥 do Rio Preto,SAO JOSE DO RIO PRETO,So Jos칥 do Rio Preto,1
35156,ATIVO,Jos칥 Bonif鞍io,JOSE BONIFACIO,Jos칥 Bonif鞍io,1
35157,ATIVO,Votuporanga,VOTUPORANGA,Votuporanga,1
35161,ATIVO,Itapetininga,ITAPETININGA,Itapetininga,1
35162,ATIVO,Itapeva,ITAPEVA,Itapeva,1
35163,ATIVO,Sorocaba,SOROCABA,Sorocaba,1
35171,ATIVO,Alto Vale do Para치ba,ALTO VALE DO PARAIBA,Alto Vale do Para치ba,1
35172,ATIVO,Circuito da F칥 e Vale Hist칩rico,CIRCUITO DA FE E VALE HISTORICO,Circuito da F칥 e Vale Hist칩rico,1
35173,ATIVO,Litoral Norte,LITORAL NORTE,Litoral Norte,1
35174,ATIVO,Vale do Para치ba/Regio Serrana,VALE DO PARAIBA/REGIAO SERRANA,Vale do Para치ba/Regio Serrana,1
35174,IGNOR,Vale do Para치ba/Regio Serrana,VALE DO PARAIBA/REGIAO SERRANA,Vale do Para치ba/Regio Serrana,8
41001,ATIVO,1춻 RS Paranagu,1춻 RS PARANAGUA,1춻 RS Paranagu,1
41002,ATIVO,2춻 RS Metropolitana,2춻 RS METROPOLITANA,2춻 RS Metropolitana,1
41003,ATIVO,3춻 RS Ponta Grossa,3춻 RS PONTA GROSSA,3춻 RS Ponta Grossa,1
41004,ATIVO,4춻 RS Irati,4춻 RS IRATI,4춻 RS Irati,1
41005,ATIVO,5춻 RS Guarapuava,5춻 RS GUARAPUAVA,5춻 RS Guarapuava,1
41006,ATIVO,6춻 RS Unio da Vit칩ria,6춻 RS UNIAO DA VITORIA,6춻 RS Unio da Vit칩ria,1
41007,ATIVO,7춻 RS Pato Branco,7춻 RS PATO BRANCO,7춻 RS Pato Branco,1
41008,ATIVO,8춻 RS Francisco Beltro,8춻 RS FRANCISCO BELTRAO,8춻 RS Francisco Beltro,1
41009,ATIVO,9춻 RS Foz do Igua칰u,9춻 RS FOZ DO IGUACU,9춻 RS Foz do Igua칰u,1
41010,ATIVO,10춻 RS Cascavel,10춻 RS CASCAVEL,10춻 RS Cascavel,1
41011,ATIVO,11춻 RS Campo Mouro,11춻 RS CAMPO MOURAO,11춻 RS Campo Mouro,1
41012,ATIVO,12춻 RS Umuarama,12춻 RS UMUARAMA,12춻 RS Umuarama,1
41013,ATIVO,13춻 RS Cianorte,13춻 RS CIANORTE,13춻 RS Cianorte,1
41014,ATIVO,14춻 RS Paranava치,14춻 RS PARANAVAI,14춻 RS Paranava치,1
41015,ATIVO,15춻 RS Maring,15춻 RS MARINGA,15춻 RS Maring,1
41016,ATIVO,16춻 RS Apucarana,16춻 RS APUCARANA,16춻 RS Apucarana,1
41017,ATIVO,17춻 RS Londrina,17춻 RS LONDRINA,17춻 RS Londrina,1
41018,ATIVO,18춻 RS Corn칥lio Proc칩pio,18춻 RS CORNELIO PROCOPIO,18춻 RS Corn칥lio Proc칩pio,1
41019,ATIVO,19춻 RS Jacarezinho,19춻 RS JACAREZINHO,19춻 RS Jacarezinho,1
41020,ATIVO,20춻 RS Toledo,20춻 RS TOLEDO,20춻 RS Toledo,1
41021,ATIVO,21춻 RS Tel칣maco Borba,21춻 RS TELEMACO BORBA,21춻 RS Tel칣maco Borba,1
41022,ATIVO,22춻 RS Ivaipor,22춻 RS IVAIPORA,22춻 RS Ivaipor,1
42000,IGNOR,Macrorregio do Extremo Oeste - 02,MACRORREGIAO DO EXTREMO OESTE - 02,Macrorregio do Extremo Oeste - 02,8
42000,IGNOR,Macrorregio Sul - Regio Carbon치fera (Amplanorte),MACRORREGIAO SUL - REGIAO CARBONIFERA (AMPLANORTE),Macrorregio Sul - Regio Carbon치fera (Amplanorte),8
42000,IGNOR,Macrorregio Sul - Regio de Laguna,MACRORREGIAO SUL - REGIAO DE LAGUNA,Macrorregio Sul - Regio de Laguna,8
42000,IGNOR,Macrorregio do Extremo Oeste - 01,MACRORREGIAO DO EXTREMO OESTE - 01,Macrorregio do Extremo Oeste - 01,8
42000,IGNOR,Macrorregio do Extremo Oeste - 03,MACRORREGIAO DO EXTREMO OESTE - 03,Macrorregio do Extremo Oeste - 03,8
42000,IGNOR,Macrorregio do Vale do Itaja치 - Alto Vale do Itaja치,MACRORREGIAO DO VALE DO ITAJAI - ALTO VALE DO ITAJAI,Macrorregio do Vale do Itaja치 - Alto Vale do Itaja치,8
42000,IGNOR,Macrorregio do Vale do Itaja치 - Foz do Vale do Itaja치,MACRORREGIAO DO VALE DO ITAJAI - FOZ DO VALE DO ITAJAI,Macrorregio do Vale do Itaja치 - Foz do Vale do Itaja치,8
42000,IGNOR,Macrorregio do Vale do Itaja치 - M칥dio Vale do Itaja치,MACRORREGIAO DO VALE DO ITAJAI - MEDIO VALE DO ITAJAI,Macrorregio do Vale do Itaja치 - M칥dio Vale do Itaja치,8
42000,IGNOR,Macrorregio Grande Florian칩polis,MACRORREGIAO GRANDE FLORIANOPOLIS,Macrorregio Grande Florian칩polis,8
42000,IGNOR,Macrorregio Meio Oeste,MACRORREGIAO MEIO OESTE,Macrorregio Meio Oeste,8
42000,IGNOR,Macrorregio Meio Oeste - Alto do Rio do Peixe,MACRORREGIAO MEIO OESTE - ALTO DO RIO DO PEIXE,Macrorregio Meio Oeste - Alto do Rio do Peixe,8
42000,IGNOR,Macrorregio Meio Oeste - Alto do Rio Uruguai,MACRORREGIAO MEIO OESTE - ALTO DO RIO URUGUAI,Macrorregio Meio Oeste - Alto do Rio Uruguai,8
42000,IGNOR,Macrorregio Nordeste,MACRORREGIAO NORDESTE,Macrorregio Nordeste,8
42000,IGNOR,Macrorregio Norte,MACRORREGIAO NORTE,Macrorregio Norte,8
42000,IGNOR,Macrorregio Planalto Serrano,MACRORREGIAO PLANALTO SERRANO,Macrorregio Planalto Serrano,8
42000,IGNOR,Macrorregio Sul - Extremo Sul Catarinense,MACRORREGIAO SUL - EXTREMO SUL CATARINENSE,Macrorregio Sul - Extremo Sul Catarinense,8
42001,ATIVO,Extremo Oeste,EXTREMO OESTE,Extremo Oeste,1
42002,ATIVO,Oeste,OESTE,Oeste,1
42003,ATIVO,Xanxer칣,XANXERE,Xanxer칣,1
42004,ATIVO,Alto Vale do Itaja치,ALTO VALE DO ITAJAI,Alto Vale do Itaja치,1
42005,ATIVO,Foz do Rio Itaja치,FOZ DO RIO ITAJAI,Foz do Rio Itaja치,1
42006,ATIVO,M칥dio Vale do Itaja치,MEDIO VALE DO ITAJAI,M칥dio Vale do Itaja치,1
42007,ATIVO,Grande Florian칩polis,GRANDE FLORIANOPOLIS,Grande Florian칩polis,1
42008,ATIVO,Meio Oeste,MEIO OESTE,Meio Oeste,1
42009,ATIVO,Alto Vale do Rio do Peixe,ALTO VALE DO RIO DO PEIXE,Alto Vale do Rio do Peixe,1
42010,ATIVO,Alto Uruguai Catarinense,ALTO URUGUAI CATARINENSE,Alto Uruguai Catarinense,1
42011,ATIVO,Nordeste,NORDESTE,Nordeste,1
42012,ATIVO,Planalto Norte,PLANALTO NORTE,Planalto Norte,1
42013,ATIVO,Serra Catarinense,SERRA CATARINENSE,Serra Catarinense,1
42014,ATIVO,Extremo Sul Catarinense,EXTREMO SUL CATARINENSE,Extremo Sul Catarinense,1
42015,ATIVO,Carbon치fera,CARBONIFERA,Carbon치fera,1
42016,ATIVO,Laguna,LAGUNA,Laguna,1
43000,IGNOR,10춻 CRS,10춻 CRS,10춻 CRS,8
43000,IGNOR,11춻 CRS,11춻 CRS,11춻 CRS,8
43000,IGNOR,18춻 CRS,18춻 CRS,18춻 CRS,8
43000,IGNOR,19춻 CRS,19춻 CRS,19춻 CRS,8
43000,IGNOR,1춻 CRS,1춻 CRS,1춻 CRS,8
43000,IGNOR,2춻 CRS,2춻 CRS,2춻 CRS,8
43000,IGNOR,4춻 CRS,4춻 CRS,4춻 CRS,8
43000,IGNOR,6춻 CRS,6춻 CRS,6춻 CRS,8
43000,IGNOR,8춻 CRS,8춻 CRS,8춻 CRS,8
43000,IGNOR,12춻 CRS,12춻 CRS,12춻 CRS,8
43000,IGNOR,13춻 CRS,13춻 CRS,13춻 CRS,8
43000,IGNOR,14춻 CRS,14춻 CRS,14춻 CRS,8
43000,IGNOR,15춻  CRS,15춻  CRS,15춻  CRS,8
43000,IGNOR,16춻 CRS,16춻 CRS,16춻 CRS,8
43000,IGNOR,17춻 CRS,17춻 CRS,17춻 CRS,8
43000,IGNOR,3춻 CRS,3춻 CRS,3춻 CRS,8
43000,IGNOR,5춻 CRS,5춻 CRS,5춻 CRS,8
43000,IGNOR,7춻 CRS,7춻 CRS,7춻 CRS,8
43001,ATIVO,Regio 01 - Verdes Campos,REGIAO 01,Regio 01 - Verdes Campos,1
43002,ATIVO,Regio 02 - Entre Rios,REGIAO 02,Regio 02 - Entre Rios,1
43003,ATIVO,Regio 03 - Fronteira Oeste,REGIAO 03,Regio 03 - Fronteira Oeste,1
43004,ATIVO,Regio 04 - Belas Praias,REGIAO 04,Regio 04 - Belas Praias,1
43005,ATIVO,Regio 05 - Bons Ventos,REGIAO 05,Regio 05 - Bons Ventos,1
43005,IGNOR,9춻 CRS,9춻 CRS,9춻 CRS,8
43006,ATIVO,Regio 06 - Vale do Paranhana e Costa Serr,REGIAO 06 - VALE DO PARANHANA E COSTA SERR,Regio 06 - Vale do Paranhana e Costa Serr,1
43007,ATIVO,Regio 07 - Vale dos Sinos,REGIAO 07,Regio 07 - Vale dos Sinos,1
43008,ATIVO,Regio 08 - Vale do Ca치 e Metropolitana,REGIAO 08,Regio 08 - Vale do Ca치 e Metropolitana,1
43009,ATIVO,Regio 09 - Carbon치fera/Costa Doce,REGIAO 09,Regio 09 - Carbon치fera/Costa Doce,1
43010,ATIVO,Regio 10 - Capital e Vale do Gravata치,REGIAO 10,Regio 10 - Capital e Vale do Gravata치,1
43011,ATIVO,Regio 11 - Sete Povos das Miss쳔s,REGIAO 11,Regio 11 - Sete Povos das Miss쳔s,1
43012,ATIVO,Regio 12 - Portal das Miss쳔s,REGIAO 12,Regio 12 - Portal das Miss쳔s,1
43013,ATIVO,Regio 13 - Diversidade,REGIAO 13,Regio 13 - Diversidade,1
43014,ATIVO,Regio 14 - Fronteira Noroeste,REGIAO 14,Regio 14 - Fronteira Noroeste,1
43015,ATIVO,Regio 15 - Caminho das guas,REGIAO 15,Regio 15 - Caminho das guas,1
43016,ATIVO,Regio 16 - Alto Uruguai Ga칰cho,REGIAO 16,Regio 16 - Alto Uruguai Ga칰cho,1
43017,ATIVO,Regio 17 - Planalto,REGIAO 17,Regio 17 - Planalto,1
43018,ATIVO,Regio 18 - Arauc壓ias,REGIAO 18,Regio 18 - Arauc壓ias,1
43019,ATIVO,Regio 19 - Botucara치,REGIAO 19,Regio 19 - Botucara치,1
43020,ATIVO,Regio 20 - Rota da Produ칰o,REGIAO 20,Regio 20 - Rota da Produ칰o,1
43021,ATIVO,Regio 21 - Sul,REGIAO 21,Regio 21 - Sul,1
43022,ATIVO,Regio 22 - Pampa,REGIAO 22,Regio 22 - Pampa,1
43023,ATIVO,Regio 23 - Caxias e Hort칣nsias,REGIAO 23,Regio 23 - Caxias e Hort칣nsias,1
43024,ATIVO,Regio 24 - Campos de Cima da Serra,REGIAO 24,Regio 24 - Campos de Cima da Serra,1
43025,ATIVO,Regio 25 - Vinhedos e Basalto,REGIAO 25,Regio 25 - Vinhedos e Basalto,1
43026,ATIVO,Regio 26 - Uva Vale,REGIAO 26,Regio 26 - Uva Vale,1
43027,ATIVO,Regio 27 - Jacu치 Centro,REGIAO 27,Regio 27 - Jacu치 Centro,1
43028,ATIVO,Regio 28 - Vinte e Oito,REGIAO 28,Regio 28 - Vinte e Oito,1
43029,ATIVO,Regio 29 - Vales e Montanhas,REGIAO 29,Regio 29 - Vales e Montanhas,1
43030,ATIVO,Regio 30 - Vale da Luz,REGIAO 30,Regio 30 - Vale da Luz,1
50000,IGNOR,Macrorregio de Campo Grande,MACRORREGIAO DE CAMPO GRANDE,Macrorregio de Campo Grande,8
50001,ATIVO,Campo Grande,CAMPO GRANDE,Campo Grande,1
50002,ATIVO,Corumb,CORUMBA,Corumb,1
50003,ATIVO,Dourados,DOURADOS,Dourados,1
50004,ATIVO,Tr칣s Lagoas,TRES LAGOAS,Tr칣s Lagoas,1
51001,ATIVO,Alto Tapaj칩s,ALTO TAPAJOS,Alto Tapaj칩s,1
51002,ATIVO,Baixada Cuiabana,BAIXADA CUIABANA,Baixada Cuiabana,1
51003,ATIVO,Araguaia Xingu,ARAGUAIA XINGU,Araguaia Xingu,1
51004,ATIVO,Centro Norte,CENTRO NORTE,Centro Norte,1
51005,ATIVO,Gar칰as Araguaia,GARCAS ARAGUAIA,Gar칰as Araguaia,1
51006,ATIVO,M칥dio Araguaia,MEDIO ARAGUAIA,M칥dio Araguaia,1
51007,ATIVO,M칥dio Norte Matogrossense,MEDIO NORTE MATOGROSSENSE,M칥dio Norte Matogrossense,1
51008,ATIVO,Noroeste Matogrossense,NOROESTE MATOGROSSENSE,Noroeste Matogrossense,1
51009,ATIVO,Norte Araguaia Karaj,NORTE ARAGUAIA KARAJA,Norte Araguaia Karaj,1
51010,ATIVO,Norte Matogrossense,NORTE MATOGROSSENSE,Norte Matogrossense,1
51011,ATIVO,Oeste Matogrossense,OESTE MATOGROSSENSE,Oeste Matogrossense,1
51012,ATIVO,Sudoeste Matogrossense,SUDOESTE MATOGROSSENSE,Sudoeste Matogrossense,1
51013,ATIVO,Sul Matogrossense,SUL MATOGROSSENSE,Sul Matogrossense,1
51014,ATIVO,Teles Pires,TELES PIRES,Teles Pires,1
51015,ATIVO,Vale do Peixoto,VALE DO PEIXOTO,Vale do Peixoto,1
51016,ATIVO,Vale dos Arinos,VALE DOS ARINOS,Vale dos Arinos,1
52001,ATIVO,Central,CENTRAL,Central,1
52002,ATIVO,Centro Sul,CENTRO SUL,Centro Sul,1
52003,ATIVO,Entorno Norte,ENTORNO NORTE,Entorno Norte,1
52004,ATIVO,Entorno Sul,ENTORNO SUL,Entorno Sul,1
52005,ATIVO,Estrada de Ferro,ESTRADA DE FERRO,Estrada de Ferro,1
52006,ATIVO,Nordeste I,NORDESTE I,Nordeste I,1
52007,ATIVO,Nordeste II,NORDESTE II,Nordeste II,1
52008,ATIVO,Norte,NORTE,Norte,1
52009,ATIVO,Oeste I,OESTE I,Oeste I,1
52010,ATIVO,Oeste II,OESTE II,Oeste II,1
52011,ATIVO,Pirineus,PIRINEUS,Pirineus,1
52012,ATIVO,Rio Vermelho,RIO VERMELHO,Rio Vermelho,1
52013,ATIVO,So Patr치cio I,SAO PATRICIO I,So Patr치cio I,1
52014,ATIVO,Serra da Mesa,SERRA DA MESA,Serra da Mesa,1
52015,ATIVO,Sudoeste I,SUDOESTE I,Sudoeste I,1
52016,ATIVO,Sudoeste II,SUDOESTE II,Sudoeste II,1
52017,ATIVO,Sul,SUL,Sul,1
52018,ATIVO,So Patr치cio II,SAO PATRICIO II,So Patr치cio II,1
53001,ATIVO,Distrito Federal,DISTRITO FEDERAL,Distrito Federal,1
